sample_name	year	description	sample_pairing	pair_number	mate_label	sample_id_16s	sample_id_18s	sample_id_shotgun	latitude_deg	longitude_deg	sample_type	site	collection_date	time_started_filtering_EDT	filtration_duration_hhmmss	avg_sample_depth_m	sample_volume	total_cyanobacteria_qpcr_gc_per_ml	mcye_qpcr_gc_per_ml
Zymo-Log	2019	Community Standard 3ng per ul conc.				1581-PDU-96_16s	1581-PDU-96_18s												
Zymo-Even-Dilution3	2019	Community Standard 0.3ng per ul conc.				1581-PDU-95_16s													
Zymo-Even-Dilution2	2019	Community Standard 3ng per ul conc.				1581-PDU-94_16s	1581-PDU-94_18s	1581-PDU-94_AATCCAGC-ATGCCACA											
Zymo-Even-Dilution1	2019	Community Standard 30ng per ul conc.				1581-PDU-93_16s													
SC59-50	2019	Lake Erie negative control	paired with SC58			1581-PDU-1_16s	1581-PDU-1_18s				Archive 5.0um		8/15/19	14:32:00	0:08:00		246	27	
SC59-22	2019	Lake Erie negative control	paired with SC58			1581-PDU-2_16s	1581-PDU-2_18s				Archive 0.22um		8/15/19	14:32:00	0:08:00		246		
SC57-50	2019	Lake Erie sample	paired with SC56 and BWT-2G-1	1	A	1581-PDU-3_16s	1581-PDU-3_18s	1581-PDU-3_TTCCTCCT-GCAAGCAA	41.74057002	-83.30542931	Archive 5.0um	2G-ESP	8/16/19	11:02:00	0:06:00	0.16	98	259756	2432
SC57-22	2019	Lake Erie sample	paired with SC56 and BWT-2G-1	1	A	1581-PDU-4_16s	1581-PDU-4_18s	1581-PDU-4_TTCCTCCT-AACCTCTC	41.74057002	-83.30542931	Archive 0.22um	2G-ESP	8/16/19	11:02:00	0:06:00	0.16	98		
SC55-50	2019	Lake Erie sample	paired with SC54	2		1581-PDU-5_16s	1581-PDU-5_18s	1581-PDU-5_TTCCTCCT-AACCAGGT	41.73601369	-83.30358822	Archive 5.0um	2G-ESP	8/16/19	14:21:00	0:04:00	3.11	104	326825	3506
SC55-22	2019	Lake Erie sample	paired with SC54	2		1581-PDU-6_16s	1581-PDU-6_18s	1581-PDU-6_TTCCTCCT-TTCCGCTT	41.73601369	-83.30358822	Archive 0.22um	2G-ESP	8/16/19	14:21:00	0:04:00	3.11	104		
SC53-50	2019	Lake Erie sample	paired with SC50 and BWT-1	3	B	1581-PDU-7_16s	1581-PDU-7_18s	1581-PDU-7_TTCCTCCT-TTGTTCCG	41.74046627	-83.29939226	Archive 5.0um	2G-ESP	8/17/19	8:11:00	0:04:00	4.5	96	1555826	29695
SC53-22	2019	Lake Erie sample	paired with SC50 and BWT-1	3	B	1581-PDU-8_16s	1581-PDU-8_18s	1581-PDU-8_TTCCTCCT-AGCTTACC	41.74046627	-83.29939226	Archive 0.22um	2G-ESP	8/17/19	8:11:00	0:04:00	4.5	96		
SC51-50	2019	Lake Erie sample	paired with SC48 and BWT-2G-2	4	C	1581-PDU-9_16s	1581-PDU-9_18s	1581-PDU-9_TTCCTCCT-ATGCCACA	41.73497516	-83.29990447	Archive 5.0um	2G-ESP	8/17/19	11:02:00	0:02:00	2.99	55	414695	3460
SC51-22	2019	Lake Erie sample	paired with SC48 and BWT-2G-2	4	C	1581-PDU-10_16s	1581-PDU-10_18s	1581-PDU-10_TTCCTCCT-TCCGTAGT	41.73497516	-83.29990447	Archive 0.22um	2G-ESP	8/17/19	11:02:00	0:02:00	2.99	55		
SC49-50	2019	Lake Erie sample	paried with SC46 and BWT-2	5	D	1581-PDU-11_16s	1581-PDU-11_18s	1581-PDU-11_TGCTTGCT-GCAAGCAA	41.73442755	-83.29631719	Archive 5.0um	2G-ESP	8/17/19	14:11:00	0:03:00	3.02	77	1386530	8735
SC49-22	2019	Lake Erie sample	paried with SC46 and BWT-2	5	D	1581-PDU-12_16s	1581-PDU-12_18s	1581-PDU-12_TGCTTGCT-AACCTCTC	41.73442755	-83.29631719	Archive 0.22um	2G-ESP	8/17/19	14:11:00	0:03:00	3.02	77		
SC47-50	2019	Lake Erie sample	paired with SC44 and 3G-1	6		1581-PDU-13_16s	1581-PDU-13_18s	1581-PDU-13_TGCTTGCT-AACCAGGT	41.8338006	-83.18031719	Archive 5.0um	WE4	8/19/19	17:59:00	0:20:00	3.04	341	283577	2549
SC47-22	2019	Lake Erie sample	paired with SC44 and 3G-1	6		1581-PDU-14_16s	1581-PDU-14_18s	1581-PDU-14_TGCTTGCT-TTCCGCTT	41.8338006	-83.18031719	Archive 0.22um	WE4	8/19/19	17:59:00	0:20:00	3.04	341		
SC45-50	2019	Lake Erie sample	paired with SC42 and 8/20 3G-3	7		1581-PDU-15_16s	1581-PDU-15_18s	1581-PDU-15_TGCTTGCT-TTGTTCCG	41.82380704	-83.30846991	Archive 5.0um	WE8-ESE	8/20/19	8:12:00	0:04:00	3.03	101	1538436	23511
SC45-22	2019	Lake Erie sample	paired with SC42 and 8/20 3G-3	7		1581-PDU-16_16s	1581-PDU-16_18s	1581-PDU-16_TGCTTGCT-AGCTTACC	41.82380704	-83.30846991	Archive 0.22um	WE8-ESE	8/20/19	8:12:00	0:04:00	3.03	101		
SC43-50	2019	Lake Erie sample	paired with SC40	8		1581-PDU-17_16s	1581-PDU-17_18s	1581-PDU-17_TGCTTGCT-ATGCCACA	41.80373272	-83.36106082	Archive 5.0um	WE2-WE8	8/20/19	13:09:00	0:01:00	3.01	33	1270148	19169
SC43-22	2019	Lake Erie sample	paired with SC40	8		1581-PDU-18_16s	1581-PDU-18_18s	1581-PDU-18_TGCTTGCT-TCCGTAGT	41.80373272	-83.36106082	Archive 0.22um	WE2-WE8	8/20/19	13:09:00	0:01:00	3.01	33		
SC41-50	2019	Lake Erie sample	paired with SC38	9		1581-PDU-19_16s	1581-PDU-19_18s	1581-PDU-19_GGTGATGA-GCAAGCAA	41.79870352	-83.34393421	Archive 5.0um	WE2-WE8	8/20/19	15:24:00	0:03:00	2.58	67	667384	14421
SC41-22	2019	Lake Erie sample	paired with SC38	9		1581-PDU-20_16s	1581-PDU-20_18s	1581-PDU-20_GGTGATGA-AACCTCTC	41.79870352	-83.34393421	Archive 0.22um	WE2-WE8	8/20/19	15:24:00	0:03:00	2.58	67		
SC39-50	2019	Lake Erie sample	paired with SC36 and BWT-3	10	E	1581-PDU-21_16s	1581-PDU-21_18s	1581-PDU-21_GGTGATGA-AACCAGGT	41.73074728	-83.29734036	Archive 5.0um	2G-ESP	8/21/19	8:31:00	0:05:00	2.2	69	710800	5569
SC39-22	2019	Lake Erie sample	paired with SC36 and BWT-3	10	E	1581-PDU-22_16s	1581-PDU-22_18s	1581-PDU-22_GGTGATGA-TTCCGCTT	41.73074728	-83.29734036	Archive 0.22um	2G-ESP	8/21/19	8:31:00	0:05:00	2.2	69		
SC37-50	2019	Lake Erie sample	paired with SC34 and BWT-2G-3	11	F	1581-PDU-23_16s	1581-PDU-23_18s	1581-PDU-23_GGTGATGA-TTGTTCCG	41.73539193	-83.29849188	Archive 5.0um	2G-ESP	8/21/19	11:09:00	0:03:00	2.85	67	723112	8555
SC37-22	2019	Lake Erie sample	paired with SC34 and BWT-2G-3	11	F	1581-PDU-24_16s	1581-PDU-24_18s	1581-PDU-24_GGTGATGA-AGCTTACC	41.73539193	-83.29849188	Archive 0.22um	2G-ESP	8/21/19	11:09:00	0:03:00	2.85	67		
SC35-50	2019	Lake Erie sample	paired with SC32 and BWT-4	12	G	1581-PDU-25_16s	1581-PDU-25_18s	1581-PDU-25_GGTGATGA-ATGCCACA	41.73542874	-83.30516857	Archive 5.0um	2G-ESP	8/21/19	14:14:00	0:04:00	2.93	70	652406	18067
SC35-22	2019	Lake Erie sample	paired with SC32 and BWT-4	12	G	1581-PDU-26_16s	1581-PDU-26_18s	1581-PDU-26_GGTGATGA-TCCGTAGT	41.73542874	-83.30516857	Archive 0.22um	2G-ESP	8/21/19	14:14:00	0:04:00	2.93	70		
SC33-50	2019	Lake Erie sample	paired with SC30 and blw 4+13	13		1581-PDU-27_16s	1581-PDU-27_18s	1581-PDU-27_AACCTACG-GCAAGCAA	41.79316726	-83.13269033	Archive 5.0um	WE4-WE13	8/22/19	16:02:00	0:13:00	2.99	248	420864	5411
SC33-22	2019	Lake Erie sample	paired with SC30 and blw 4+13	13		1581-PDU-28_16s	1581-PDU-28_18s	1581-PDU-28_AACCTACG-AACCTCTC	41.79316726	-83.13269033	Archive 0.22um	WE4-WE13	8/22/19	16:02:00	0:13:00	2.99	248		
SC31-50	2019	Lake Erie sample	paired with SC28	14		1581-PDU-29_16s	1581-PDU-29_18s	1581-PDU-29_AACCTACG-AACCAGGT	41.85004718	-83.19432782	Archive 5.0um	WE4-N	8/23/19	22:02:00	0:12:00	4.43	222	843183	8400
SC31-22	2019	Lake Erie sample	paired with SC28	14		1581-PDU-30_16s	1581-PDU-30_18s	1581-PDU-30_AACCTACG-TTCCGCTT	41.85004718	-83.19432782	Archive 0.22um	WE4-N	8/23/19	22:02:00	0:12:00	4.43	222		
SC29-50	2019	Lake Erie sample	paired with SC26 and 3G-2	15	H	1581-PDU-31_16s	1581-PDU-31_18s	1581-PDU-31_AACCTACG-TTGTTCCG	41.83430889	-83.27824874	Archive 5.0um	WE4-WE8	8/23/19	9:15:00	0:05:00	2.92	99	606209	11297
SC29-22	2019	Lake Erie sample	paired with SC26 and 3G-2	15	H	1581-PDU-32_16s	1581-PDU-32_18s	1581-PDU-32_AACCTACG-AGCTTACC	41.83430889	-83.27824874	Archive 0.22um	WE4-WE8	8/23/19	9:15:00	0:05:00	2.92	99		
SC27-50	2019	Lake Erie sample	paired with SC24 and 3G-3	16	I	1581-PDU-33_16s	1581-PDU-33_18s	1581-PDU-33_AACCTACG-ATGCCACA	41.83387126	-83.35776843	Archive 5.0um	WE8	8/23/19	13:48:00	0:03:00	1.92	61	1392762	23175
SC27-22	2019	Lake Erie sample	paired with SC24 and 3G-3	16	I	1581-PDU-34_16s	1581-PDU-34_18s	1581-PDU-34_AACCTACG-TCCGTAGT	41.83387126	-83.35776843	Archive 0.22um	WE8	8/23/19	13:48:00	0:03:00	1.92	61		
SC25-50	2019	Lake Erie sample	paired with SC22	17		1581-PDU-35_16s	1581-PDU-35_18s	1581-PDU-35_GGATCTGA-GCAAGCAA	41.77348507	-83.34410271	Archive 5.0um	WE2-NW	8/23/19	18:20:00	0:04:00	2.03	32	3375224	64485
SC25-22	2019	Lake Erie sample	paired with SC22	17		1581-PDU-36_16s	1581-PDU-36_18s	1581-PDU-36_GGATCTGA-AACCTCTC	41.77348507	-83.34410271	Archive 0.22um	WE2-NW	8/23/19	18:20:00	0:04:00	2.03	32		
SC23-50	2019	Lake Erie sample	paired with SC20	18		1581-PDU-37_16s	1581-PDU-37_18s	1581-PDU-37_GGATCTGA-AACCAGGT	41.73451394	-83.3008949	Archive 5.0um	2G-ESP	8/24/19	6:12:00	0:04:00	3.16	68	338456	7631
SC23-22	2019	Lake Erie sample	paired with SC20	18		1581-PDU-38_16s	1581-PDU-38_18s	1581-PDU-38_GGATCTGA-TTCCGCTT	41.73451394	-83.3008949	Archive 0.22um	2G-ESP	8/24/19	6:12:00	0:04:00	3.16	68		
SC21-50	2019	Lake Erie sample	paired with SC18	19		1581-PDU-39_16s	1581-PDU-39_18s	1581-PDU-39_GGATCTGA-TTGTTCCG	41.73494632	-83.3002481	Archive 5.0um	2G-ESP	8/24/19	9:37:00	0:03:00	2.06	63	328447	5242
SC21-22	2019	Lake Erie sample	paired with SC18	19		1581-PDU-40_16s	1581-PDU-40_18s	1581-PDU-40_GGATCTGA-AGCTTACC	41.73494632	-83.3002481	Archive 0.22um	2G-ESP	8/24/19	9:37:00	0:03:00	2.06	63		
SC19-50	2019	Lake Erie sample	paired with SC16	20		1581-PDU-41_16s	1581-PDU-41_18s	1581-PDU-41_GGATCTGA-ATGCCACA	41.74273947	-83.13687662	Archive 5.0um	WE13	8/24/19	16:56:00	0:07:00	2.18	188	291743	4641
SC19-22	2019	Lake Erie sample	paired with SC16	20		1581-PDU-42_16s	1581-PDU-42_18s	1581-PDU-42_GGATCTGA-TCCGTAGT	41.74273947	-83.13687662	Archive 0.22um	WE13	8/24/19	16:56:00	0:07:00	2.18	188		
SC17-50	2019	Lake Erie sample	paired with SC14	21		1581-PDU-43_16s	1581-PDU-43_18s	1581-PDU-43_TGATCACG-GCAAGCAA	41.73566627	-83.29985097	Archive 5.0um	2G-ESP	8/25/19	7:31:00	0:03:00	5.23	55	684493	10645
SC17-22	2019	Lake Erie sample	paired with SC14	21		1581-PDU-44_16s		1581-PDU-44_TGATCACG-AACCTCTC	41.73566627	-83.29985097	Archive 0.22um	2G-ESP	8/25/19	7:31:00	0:03:00	5.23	55		
SC15-50	2019	Lake Erie sample	paired with SC12	22		1581-PDU-45_16s	1581-PDU-45_18s	1581-PDU-45_TGATCACG-AACCAGGT	41.7368704	-83.30079649	Archive 5.0um	2G-ESP	8/25/19	11:17:00	0:01:00	2.22	15	275043	4365
SC15-22	2019	Lake Erie sample	paired with SC12	22		1581-PDU-46_16s	1581-PDU-46_18s	1581-PDU-46_TGATCACG-TTCCGCTT	41.7368704	-83.30079649	Archive 0.22um	2G-ESP	8/25/19	11:17:00	0:01:00	2.22	15		
SC13-50	2019	Lake Erie sample	paired with SC10	23		1581-PDU-47_16s	1581-PDU-47_18s	1581-PDU-47_TGATCACG-TTGTTCCG	41.70386187	-83.25561919	Archive 5.0um	WE12	8/25/19	14:56:00	0:03:00	1.94	44	665658	7635
SC13-22	2019	Lake Erie sample	paired with SC10	23		1581-PDU-48_16s	1581-PDU-48_18s	1581-PDU-48_TGATCACG-AGCTTACC	41.70386187	-83.25561919	Archive 0.22um	WE12	8/25/19	14:56:00	0:03:00	1.94	44		
SC11-50	2019	Lake Erie sample	paired with SC8	24		1581-PDU-49_16s	1581-PDU-49_18s	1581-PDU-49_TGATCACG-ATGCCACA	41.74394092	-83.13597092	Archive 5.0um	WE13	8/26/19	18:15:00	0:04:00	1.9	58	313095	1780
SC11-22	2019	Lake Erie sample	paired with SC8	24		1581-PDU-50_16s	1581-PDU-50_18s	1581-PDU-50_TGATCACG-TCCGTAGT	41.74394092	-83.13597092	Archive 0.22um	WE13	8/26/19	18:15:00	0:04:00	1.9	58		
SC09-50	2019	Lake Erie sample	paired with SC6 and Mirror ST2	25		1581-PDU-51_16s	1581-PDU-51_18s	1581-PDU-51_AAGCGACT-GCAAGCAA	41.7752799	-83.34315488	Archive 5.0um	WE2-NW	8/27/19	5:57:00	0:02:00	1.89	26	557790	5846
SC09-22	2019	Lake Erie sample	paired with SC6 and Mirror ST2	25		1581-PDU-52_16s	1581-PDU-52_18s	1581-PDU-52_AAGCGACT-AACCTCTC	41.7752799	-83.34315488	Archive 0.22um	WE2-NW	8/27/19	5:57:00	0:02:00	1.89	26		
SC07-50	2019	Lake Erie sample	paired with SC4 and Mirror Nessie	26	J	1581-PDU-53_16s	1581-PDU-53_18s	1581-PDU-53_AAGCGACT-AACCAGGT	41.73764669	-83.30296704	Archive 5.0um	2G-ESP	8/27/19	11:02:00	0:01:00	1.99	15	317437	3690
SC07-22	2019	Lake Erie sample	paired with SC4 and Mirror Nessie	26	J	1581-PDU-54_16s	1581-PDU-54_18s	1581-PDU-54_AAGCGACT-TTCCGCTT	41.73764669	-83.30296704	Archive 0.22um	2G-ESP	8/27/19	11:02:00	0:01:00	1.99	15		
SC05-50	2019	Lake Erie sample	paired with SC3 and ST12	27		1581-PDU-55_16s	1581-PDU-55_18s	1581-PDU-55_AAGCGACT-TTGTTCCG	41.70248614	-83.25536512	Archive 5.0um	WE12	8/27/19	16:00:00	0:01:00	2.43	22	676482	9855
SC05-22	2019	Lake Erie sample	paired with SC3 and ST12	27		1581-PDU-56_16s	1581-PDU-56_18s	1581-PDU-56_AAGCGACT-AGCTTACC	41.70248614	-83.25536512	Archive 0.22um	WE12	8/27/19	16:00:00	0:01:00	2.43	22		
SC02-50	2019	Lake Erie negative control	paired with SC1			1581-PDU-57_16s	1581-PDU-57_18s	1581-PDU-57_AAGCGACT-ATGCCACA			Archive 5.0um		8/27/19					1227	2
SC02-22	2019	Lake Erie negative control	paired with SC1			1581-PDU-58_16s	1581-PDU-58_18s				Archive 0.22um		8/27/19						
NegCNTRL8	2019	DNA extraction negative control					1581-PDU-92_18s												
NegCNTRL4	2019	DNA extraction negative control					1581-PDU-91_18s											53	
NegCNTRL2	2019	DNA extraction negative control					1581-PDU-90_18s												
NegCNTRL1	2019	DNA extraction negative control					1581-PDU-89_18s	1581-PDU-89_AATCCAGC-AGCTTACC										4	
Mirror-ST2-50	2019	Lake Erie hand sample	"paired with SC6, SC9"	25		1581-PDU-83_16s	1581-PDU-83_18s	1581-PDU-83_GCAGAAGA-TCCGTAGT	41.7636	-83.3306	Hand-sample 5.0um	WE2	8/27/19	10:29:00		3	50	258965	2819
Mirror-ST2-22	2019	Lake Erie hand sample	"paired with SC6, SC9"	25		1581-PDU-84_16s	1581-PDU-84_18s	1581-PDU-84_AATCCAGC-GCAAGCAA	41.7636	-83.3306	Hand-sample 0.22um	WE2	8/27/19	10:29:00		3	50		
Mirror-ST12-50	2019	Lake Erie hand sample	"paried with SC3, SC5"	27		1581-PDU-87_16s	1581-PDU-87_18s	1581-PDU-87_AATCCAGC-TTCCGCTT	41.7025	-83.2547	Hand-sample 5.0um	WE12	8/27/19	14:02:00		3	40	373160	3763
Mirror-ST12-22	2019	Lake Erie hand sample	"paried with SC3, SC5"	27		1581-PDU-88_16s	1581-PDU-88_18s	1581-PDU-88_AATCCAGC-TTGTTCCG	41.7025	-83.2547	Hand-sample 0.22um	WE12	8/27/19	14:02:00		3	40		
Mirror-Nessie-50	2019	Lake Erie hand sample	"paried with SC4, SC7"	26	J	1581-PDU-85_16s	1581-PDU-85_18s	1581-PDU-85_AATCCAGC-AACCTCTC	41.734	-83.302	Hand-sample 5.0um	2G-ESP	8/27/19	10:54:00		3	50	434773	5242
Mirror-Nessie-22	2019	Lake Erie hand sample	"paried with SC4, SC7"	26	J	1581-PDU-86_16s	1581-PDU-86_18s	1581-PDU-86_AATCCAGC-AACCAGGT	41.734	-83.302	Hand-sample 0.22um	2G-ESP	8/27/19	10:54:00		3	50		
BWT-4-50	2019	Lake Erie hand sample	"paired with SC32, SC35"	12	G	1581-PDU-75_16s	1581-PDU-75_18s	1581-PDU-75_AAGGCGTA-TCCGTAGT	41.7347	-83.3059	Hand-sample 5.0um	2G-ESP	8/21/19	13:48:00		3	100	376860	13518
BWT-4-22	2019	Lake Erie hand sample	"paired with SC32, SC35"	12	G	1581-PDU-76_16s	1581-PDU-76_18s	1581-PDU-76_GCAGAAGA-GCAAGCAA	41.7347	-83.3059	Hand-sample 0.22um	2G-ESP	8/21/19	13:48:00		3	100		
BWT-3-50	2019	Lake Erie hand sample	"paired with SC36, SC39"	10	E	1581-PDU-71_16s	1581-PDU-71_18s	1581-PDU-71_AAGGCGTA-TTCCGCTT	41.7311	-83.2988	Hand-sample 5.0um	2G-ESP	8/21/19	8:07:00		3	100	414379	6254
BWT-3-22	2019	Lake Erie hand sample	"paired with SC36, SC39"	10	E	1581-PDU-72_16s	1581-PDU-72_18s	1581-PDU-72_AAGGCGTA-TTGTTCCG	41.7311	-83.2988	Hand-sample 0.22um	2G-ESP	8/21/19	8:07:00		3	100		
BWT-2G-3-50	2019	Lake Erie hand sample	"paired with SC34, SC37"	11	F	1581-PDU-73_16s	1581-PDU-73_18s	1581-PDU-73_AAGGCGTA-AGCTTACC	41.7344	-83.3005	Hand-sample 5.0um	2G-ESP	8/21/19	11:00:00		3	100	655665	25582
BWT-2G-3-22	2019	Lake Erie hand sample	"paired with SC34, SC37"	11	F	1581-PDU-74_16s	1581-PDU-74_18s	1581-PDU-74_AAGGCGTA-ATGCCACA	41.7344	-83.3005	Hand-sample 0.22um	2G-ESP	8/21/19	11:00:00		3	100		
BWT-2G-2-50	2019	Lake Erie hand sample	"paired with SC48, SC51"	4	C	1581-PDU-63_16s	1581-PDU-63_18s	1581-PDU-63_AAGCGTTC-TTCCGCTT	41.7345	-83.3009	Hand-sample 5.0um	2G-ESP	8/17/19	11:02:00		3	100	493358	11223
BWT-2G-2-22	2019	Lake Erie hand sample	"paired with SC48, SC51"	4	C	1581-PDU-64_16s	1581-PDU-64_18s	1581-PDU-64_AAGCGTTC-TTGTTCCG	41.7345	-83.3009	Hand-sample 0.22um	2G-ESP	8/17/19	11:02:00		3	100		
BWT-2G-1-50	2019	Lake Erie hand sample	"paired with SC56, SC57"	1	A	1581-PDU-59_16s	1581-PDU-59_18s	1581-PDU-59_AAGCGACT-TCCGTAGT	41.7408	-83.3056	Hand-sample 5.0um	2G-ESP	8/16/19	10:38:00		1	100	386187	8713
BWT-2G-1-22	2019	Lake Erie hand sample	"paired with SC56, SC57"	1	A	1581-PDU-60_16s	1581-PDU-60_18s	1581-PDU-60_AAGCGTTC-GCAAGCAA	41.7408	-83.3056	Hand-sample 0.22um	2G-ESP	8/16/19	10:38:00		1	100		
BWT-2-50	2019	Lake Erie hand sample	"paired with SC46, SC49"	5	D	1581-PDU-65_16s	1581-PDU-65_18s	1581-PDU-65_AAGCGTTC-AGCTTACC	41.7346	-83.2967	Hand-sample 5.0um	2G-ESP	8/17/19	14:01:00		3	100	384188	6560
BWT-2-22	2019	Lake Erie hand sample	"paired with SC46, SC49"	5	D	1581-PDU-66_16s	1581-PDU-66_18s	1581-PDU-66_AAGCGTTC-ATGCCACA	41.7346	-83.2967	Hand-sample 0.22um	2G-ESP	8/17/19	14:01:00		3	100		
BWT-1-50	2019	Lake Erie hand sample	"paired with SC50, SC53"	3	B	1581-PDU-61_16s	1581-PDU-61_18s	1581-PDU-61_AAGCGTTC-AACCTCTC	41.7392	-83.3027	Hand-sample 5.0um	2G-ESP	8/17/19	8:12:00		3	100	363058	7356
BWT-1-22	2019	Lake Erie hand sample	"paired with SC50, SC53"	3	B	1581-PDU-62_16s	1581-PDU-62_18s	1581-PDU-62_AAGCGTTC-AACCAGGT	41.7392	-83.3027	Hand-sample 0.22um	2G-ESP	8/17/19	8:12:00		3	100		
blw-4pls13-50	2019	Lake Erie hand sample	paired with SC33. SC30	13		1581-PDU-77_16s	1581-PDU-77_18s	1581-PDU-77_GCAGAAGA-AACCTCTC	41.7939	-83.1331	Hand-sample 5.0um	WE4-WE13	8/22/19	15:30:00		3	50	124564	577
blw-4pls13-22	2019	Lake Erie hand sample	paired with SC33. SC30	13		1581-PDU-78_16s	1581-PDU-78_18s	1581-PDU-78_GCAGAAGA-AACCAGGT	41.7939	-83.1331	Hand-sample 0.22um	WE4-WE13	8/22/19	15:30:00		3	50		
3G-3-Aug-23-50	2019	Lake Erie hand sample	"paired with SC24, SC27"	16	I	1581-PDU-81_16s	1581-PDU-81_18s	1581-PDU-81_GCAGAAGA-AGCTTACC	41.8326	-83.3581	Hand-sample 5.0um	WE8	8/23/19	13:25:00		3	36	527312	5752
3G-3-Aug-23-22	2019	Lake Erie hand sample	"paired with SC24, SC27"	16	I	1581-PDU-82_16s	1581-PDU-82_18s	1581-PDU-82_GCAGAAGA-ATGCCACA	41.8326	-83.3581	Hand-sample 0.22um	WE8	8/23/19	13:25:00		3	36		
3G-3-50	2019	Lake Erie hand sample	"paired with SC42, SC45"	7		1581-PDU-69_16s	1581-PDU-69_18s	1581-PDU-69_AAGGCGTA-AACCTCTC	41.8242	-83.3094	Hand-sample 5.0um	WE8-ESE	8/20/19	10:07:00		3	39	302494	4045
3G-3-22	2019	Lake Erie hand sample	"paired with SC42, SC45"	7		1581-PDU-70_16s	1581-PDU-70_18s	1581-PDU-70_AAGGCGTA-AACCAGGT	41.8242	-83.3094	Hand-sample 0.22um	WE8-ESE	8/20/19	10:07:00		3	39		
3G-2-Aug-23-50	2019	Lake Erie hand sample	"paired with SC29, SC26"	15	H	1581-PDU-79_16s	1581-PDU-79_18s	1581-PDU-79_GCAGAAGA-TTCCGCTT	41.8338	-83.2789	Hand-sample 5.0um	WE4-WE8	8/23/19	9:40:00		3	43	249555	2165
3G-2-Aug-23-22	2019	Lake Erie hand sample	"paired with SC29, SC26"	15	H	1581-PDU-80_16s	1581-PDU-80_18s	1581-PDU-80_GCAGAAGA-TTGTTCCG	41.8338	-83.2789	Hand-sample 0.22um	WE4-WE8	8/23/19	9:40:00		3	43		
3G-1-50	2019	Lake Erie hand sample	"paired with SC44, SC47"	6		1581-PDU-67_16s	1581-PDU-67_18s	1581-PDU-67_AAGCGTTC-TCCGTAGT	41.8337	-83.1839	Hand-sample 5.0um	WE4	8/19/19	16:56:00		3	46	234284	3223
3G-1-22	2019	Lake Erie hand sample	"paired with SC44, SC47"	6		1581-PDU-68_16s	1581-PDU-68_18s	1581-PDU-68_AAGGCGTA-GCAAGCAA	41.8337	-83.1839	Hand-sample 0.22um	WE4	8/19/19	16:56:00		3	46		